"","Or10a","Or19a","Or1a","Or22a","Or22b","Or23a","Or2a","Or30a","Or35a","Or42a","Or43a","Or43b","Or45b","Or46a","Or47a","Or49a","Or49b","Or59a","Or59b","Or67a","Or67b","Or67c","Or85a","Or85b","Or85f","Or94b","Or98a","Or9a"
"7732-18-5",NA,NA,"0.0248784137673026",NA,NA,NA,NA,"0.043483638464927",NA,"0.094108649510774",NA,NA,"0.0276698491091993",NA,NA,"0.0110945879639992",NA,NA,NA,NA,"0.140758665354012",NA,NA,NA,NA,"0.0403470975218544",NA,NA
"7664-41-7","0.0629663378662708",NA,NA,"0.101871260791492",NA,NA,NA,NA,"0.197410251661449",NA,NA,NA,NA,NA,NA,NA,"0.0322005512153559",NA,"0.012297795024459",NA,NA,"0.0682282397525446",NA,NA,NA,NA,"0.109110821014729",NA
"124-38-9","0.0584814064247244","0.0144926775755769","0.00710811821922934","0.062537864388874","0","0.0238891607865519","0","0.0212213274950267","0.0665740388799152","0.120137823664364","0.0475325161140334","0","0.0111628772030503",NA,"0.0550764356826695","0.012573098972623","0.0121467643955077","0.00510177297747959","0.075961113213363","0.0294609812075242","0.110730695252875","0.0406385883776514","0.0721154819496515","0.018157933869687","0","0.00359622631277022","0.0836875791016128","0"
"67-56-1","0.051135085051643","0.0834334712583434",NA,"0.117915863409096",NA,"0.0131559242321864","0.0521280442885516",NA,"0.238165313593411",NA,"0.0818459058078032","0.0851808634490707",NA,NA,"0.0694207151691474",NA,"0.0225350311863104",NA,"0.0612758731297281","0.0242090634348629",NA,"0.0549953772151064","0.0890615325096578","0.0688170955363463","0.0543338568602",NA,"0.044193911779454","0.160581892739015"
"64-18-6","0.128373605361133","0.120515014039829",NA,"0.0534851260661805",NA,"0.00219265403869773","0.0234646076855557",NA,"0.0854722564247997",NA,"0.0489298700708874","0.065911462990369",NA,NA,"0.0208343976924971",NA,"0.0156584252217073",NA,"0.0792810144456127","0.0279335347325341",NA,"0.0442022042213155","0.026637977271511","0.0559031550451685","0.0570725686700176",NA,"0.0424079042431748","0.123606991943924"
"75-07-0","0.112520365831202","0.173703878563769",NA,"0.166411479728604",NA,"0.0541396025484864","0.0831653910041998",NA,"0.0804278691107559",NA,"0.107820262132479","0.065911462990369",NA,NA,"0.234283354846248",NA,"0.0110877573973447",NA,"0.177685074437031","0.0409691842743834","0.224768731789097","0.0933950279632328","0.146154514559151","0.150058030160957","0.099652514849694",NA,"0.085796988213867","0.373620941693441"
"79-09-4","0.141037196858803","0.133906495415928","0.0142162364384586","0.10370175082215",NA,"0.0131559242321864","0.0215720265632677","0","0.0484623298780068","0.192599375403477","0.0675737730163322","0.0627331098920053","0.0281290231029671",NA,"0.0105741363557483","0.0217007632679106","0.0225350311863104","0.0382435046420468","0.0766973823096282","0.134716990663954","0.137068783375411","0.0522778080264539","0.0316325980099194","0.165379759115333","0.0776796972236547","0.0151577940351423","0.0633953316722598","0.143902278939502"
"64-17-5","0.074662969910231","0.092703856953715",NA,"0.117915863409096",NA,"0.032889810580466","0.0372729322899418",NA,"0.220969235698097",NA,"0.0574262897471307","0.0819425547689144",NA,NA,"0.046515973988203",NA,"0.0133717480616111",NA,"0.0485284821444029","0.0260712990836985","proposed","0.0632343819111768","0.0977163899771458","0.110449069425421","0.0426988915581288",NA,"0.0407115880734478","0.147255033507146"
"64-19-7","0.0928618042634933","0.128353395161638",NA,"0.0507071069392754",NA,"0.0175412323095819","0.0396691631831973",NA,"0.0626259747203115",NA,"0.0908378543176542","0.0722942589554324",NA,NA,"0.0269026303769799",NA,"0.0179478339259973",NA,"0.0766973823096282","0.00931117824417801","0.171310863018113","0.0362304473917501","0.047338072082406","0.110449069425421","0.067600742766162",NA,"0.0889972248626675","0.106457238458595"
"124-40-3",NA,NA,NA,NA,NA,NA,NA,NA,"0.204806142020436",NA,NA,NA,NA,NA,NA,NA,NA,NA,"proposed",NA,"proposed","proposed","proposed",NA,NA,NA,NA,NA
"554-12-1",NA,NA,NA,NA,NA,NA,NA,NA,NA,NA,NA,NA,NA,NA,NA,NA,NA,NA,"proposed",NA,"proposed","proposed","proposed",NA,NA,NA,NA,NA
"107-02-8","0.0280219629819885","0.092703856953715",NA,"0.0507071069392754",NA,"0.00657796211609321","0.0627570383711263",NA,"0.0440930373278324",NA,"0.0574262897471307","0.0754998733704484",NA,NA,"0.0435107965772957",NA,"0.00880640915346818",NA,"0.0638366248562924","0.0609499128297215","proposed","0.0349109656793716","0.103357959991779","0.146182497363573","0.0426988915581288",NA,"0.098597934809071","0.0855880862791318"
"556-82-1","0.0299501775972299","0.292469925308808",NA,"0.260572608238898",NA,"0.133679314198315","0.139400584051145",NA,"0.689330218813048",NA,"0.200399502018511","0.227123132875849",NA,NA,"0.0994751856513178",NA,"0.0799492886041708",NA,"0.0818685005464915","0.680121169409001","proposed","0.181574265438609","0.0801285759453841","0.102290890893613","0.131914470686953",NA,"0.640008424300575","0.268638042229322"
"625-33-2","0",NA,NA,"0.344738901980889",NA,NA,"proposed",NA,NA,NA,NA,NA,NA,NA,NA,NA,NA,NA,"proposed",NA,"0.473301893578799","proposed","proposed",NA,"proposed",NA,NA,NA
"75-18-3","0.0238929901822588","0.0579399105960717",NA,"0.0161165448393927",NA,"0.0109632701934887","0.0279659155706959",NA,"0.0603098494154031",NA,"0.0266890200386658","0.0754998733704484",NA,NA,"0.0188116534643362",NA,"0.00245407068376809",NA,"0.183166401682339","0.0204845921371916","proposed","0.0309670822393371","0.0283028508509805","0.130493985131157","0.0923772414585398",NA,"0.0169631616972699","0.140541056027997"
"123-38-6","0.0355230430255451","0",NA,"0.123177247448719",NA,"0.00877061615479094","0.0741001783940545",NA,"0.0200228844917049",NA,"0","0.0884313290548502",NA,NA,"0.0639321331809852",NA,"0.00419014603863195",NA,"0.0459901976937205","0.0279335347325341","0.177429501185382","0.0482261128189717","0.0919745730889759","0.206114504613045","0.0597623502007101",NA,"0.0633953316722598","0.0960624583706422"
"67-64-1","0.0333415308027679","0.0625751034437574",NA,"0.130798650615517",NA,"0.00438530807739547","0.0302531403829572",NA,"0.100446002229577","0.364448150993648","0.0333612750483323","0.0754998733704484",NA,NA,"0.0289253746051408",NA,"0.0204431766020016",NA,"0.359230289469865","0.0783595824876908","0.11533374001471","0.0332933051800073","0.0332974715893888","0.114497715308615","0.0850685801149021",NA,"0.0856592375388998","0.173775347823654"
"141-43-5","0.0356384659155895",NA,NA,"0.133375934351891",NA,"proposed","proposed",NA,"proposed",NA,"proposed",NA,NA,NA,NA,NA,"0.0322005512153559",NA,"0.0144962872489032",NA,"proposed","0.0682282397525446","proposed",NA,"proposed",NA,"0.109110821014729","proposed"
"589-38-8","proposed",NA,NA,"0.290037254823912",NA,"proposed","proposed",NA,"proposed",NA,"proposed",NA,NA,NA,NA,NA,"proposed",NA,"proposed",NA,"0.0830481877971251","proposed","proposed",NA,"proposed",NA,NA,"proposed"
"928-94-9","0.0242668457110497","0.378394115402763",NA,"0.277269768512702",NA,"0.222407719471806","0.130466271140644",NA,"0.755375842107674",NA,"0.339936911320306","0.672899535986223",NA,NA,"0.146321452994489",NA,"0.0392279427952941",NA,"0.0818685005464915","0.264406768859115","proposed","0.192017119515947","0.073987009915359","0.528244195053951","0.172195316407267",NA,"0.322614500225139","0.353917572227014"
"623-37-0","proposed",NA,NA,"proposed",NA,"proposed","proposed",NA,"proposed",NA,"proposed",NA,NA,NA,NA,NA,"proposed",NA,"proposed",NA,"proposed","proposed","proposed",NA,"proposed",NA,NA,"proposed"
"928-96-1","0.0299501775972299","0.375214973873795",NA,"0.17630321461906",NA,"0.177295872118336","0.110385002020078",NA,"0.836467126722775",NA,"0.40616626997114","0.342968041697511",NA,NA,"0.224532370625984",NA,"0.0854132665438903",NA,"0.123802013012319","0.29044939844871","0.993611942252757","0.231660261177059","0.291929131871176","0.852553557396845","0.202691200760463",NA,"0.469825386069984","0.52739308723574"
"95-48-7","0.0235191346534682","0.0834334712583434","0.0248784137673026","0.0113438536425688",NA,"0.00219265403869773","0.00387447253543468","0.727366756609216","0.0495539081208521","0","0.34290730753734","0.157014494310254","0.955038693238095",NA,"0.00507535174815034","0.0190600670658612","0.659413296296287","0.488293015348046","0.00301331050762177","0.15375331177733","0.100423049302442","0.0309670822393371","0.0183136093741638","0.110449069425421","0.116740557612818","0.204992798578265","0","0.196547852367229"
"695-06-7","0.0928618042634933","0.115879821192144",NA,"0.334975562737445",NA,"0.0563679641287106","0.0655206273777721",NA,"0.654430607945976",NA,"0.123740971757232","0.139098186584254","proposed",NA,"0.121773593861454",NA,"0.0110877573973447",NA,"0.0612758731297281","0.129878111882768","proposed","0.0830687485217268","0.0366272187483277","0.20972232729291","0.215855786211237",NA,"0.104998408106672","0.436095996728446"
"591-78-6","proposed",NA,NA,"0.289903501951846",NA,"proposed","proposed",NA,"0.449148995072692",NA,"proposed",NA,"proposed",NA,NA,NA,"proposed",NA,"proposed",NA,"0.690239747338271","proposed","proposed",NA,"proposed",NA,NA,"proposed"
"928-97-2","0.0778022463978478","0.343342720210163",NA,"0.231182895847288",NA,"0.188048143678194","0.185789743524895",NA,"0.782413733465685",NA,"0.24425337373226","0.235489121230157","proposed",NA,"0.138359531586244",NA,"0.0636073174297771",NA,"0.0974750052154417","0.422403899642067","proposed","0.20056049915612","0.544396086681927","0.896072992276917","0.254355601981309",NA,"0.466625149421183","0.629381332790619"
"626-93-7","proposed",NA,NA,"proposed",NA,"proposed","proposed",NA,"proposed",NA,"proposed",NA,"proposed",NA,NA,NA,"proposed",NA,"proposed",NA,"0.712297650823315","proposed","proposed",NA,"proposed",NA,NA,"proposed"
"66-25-1","0.12054611163494","0.053304717748386",NA,"0.229167692114173",NA,"0.0644822492251485","0.0770643395560887",NA,"0.733834485986171",NA,"0.0724472009652179","0.190910280071668","proposed",NA,"0.204501917080866",NA,"0.00766671242525538",NA,"0.0587188944865161","0.083883803712914","0.305138729539841","0.0482261128189717","0.106145238033841","0.879998296352545","0.148357409472448",NA,"0.120999591350678","0.19008208354706"
"6728-26-3","0.0633692426837531","0.199041081788015","0.0426487093153759","0.0853618863774223","0.0289855072463768","0.203219005879546","0.0547623579331294","0.0295920846420033","0.737521064815996","0.639282638559215","0.251846530895203","0.310043890620517","0.0754091825744863","0.0533421879444643","0.139748396971867","0.090104862574644","0.0190896531611903","0.046005737461029","0.059723577223623","0.290795104670791","0.395656012716937","0.121890643724212","0.108761452152704","0.474592767102372","0.122848868521514","0.0666954483863726","0.130155471337669","0.169155067752647"
"589-91-3","0.0761875478398341",NA,NA,"0.197899830565615",NA,"proposed","proposed",NA,"proposed","0.159991622061778","proposed","proposed","proposed",NA,NA,NA,"0.0322005512153559",NA,"0.0602771277857836",NA,"0.957944084659566","0.0682282397525446","proposed",NA,"proposed",NA,"0.109110821014729","proposed"
"71-23-8","0.0312632305904959","0.147932707407921",NA,"0.126573041096503",NA,"0.0306971565417682","0.12621006727468",NA,"0.307730932100503",NA,"0.0400335300579987","0.149775008539119","proposed",NA,"0.0849956456095767",NA,"0.0133717480616111",NA,"0.0459901976937205","0.0484181268697258","proposed","0.0948975367882393","0.0436933312556045","0.187843168965455","0.0948039043344646",NA,"0.0203557940367239","0.247130684351227"
"67-63-0","proposed",NA,NA,"proposed",NA,"proposed","proposed",NA,"proposed",NA,"proposed","proposed","proposed",NA,NA,NA,"proposed",NA,"proposed",NA,"proposed","proposed","proposed",NA,"proposed",NA,NA,"proposed"
"97-64-3","0.128373605361133","0.188312290030456",NA,"0.161039498547021",NA,"0.0541396025484864","0.15402773967882",NA,"0.0854722564247997",NA,"0.119845772072826","0.407700281261799","proposed",NA,"0.142365486562347",NA,"0.0772204695395397","proposed","0.383597468041253","0.110082620720107","proposed","0.604189277561051","0.15649032482546","0.292302904815946","0.266309452334379",NA,"0.239408347356314","0.316431893208164"
"79-20-9","0.064941564727023","0.0903862605298719",NA,"0.115023483257224",NA,"0.0241191944256751","0.0396691631831973",NA,"0.0510442099565844","proposed","0.0422576150612209","0.111580090166481","proposed",NA,"0.126011326979466",NA,"0.00679701313038825","proposed","0.66076669628633","0.0316580060302053","proposed","0.037552445551505","0.0249731036920416","0.118526330949794","0.0701529650442093",NA,"0.0424079042431748","0.157262749519114"
"109-94-4","0.0437855469249347","0.0811158748345003",NA,"0.0161165448393927",NA,"0.00877061615479094","0.0349055984631357",NA,"0.039457604457243","proposed","0.0378094450547766","0.0690983195099657","proposed",NA,"0.0167889092361752",NA,"0.0156584252217073","proposed","0.084459852272052","0.0148978851906848","proposed","0.0296571368130475","0.047338072082406","0.0898984175488516","0.0597623502007101",NA,"0.0793965149162649","0.157262749519114"
"1775-43-5","proposed",NA,NA,"0.0979586048655047",NA,"proposed","proposed",NA,"proposed","proposed","proposed","proposed","proposed",NA,NA,NA,"proposed","proposed","proposed",NA,"proposed","proposed","proposed",NA,"proposed",NA,NA,"proposed"
"65-85-0","proposed",NA,NA,"proposed",NA,"proposed","proposed",NA,"proposed","proposed","proposed","proposed","proposed",NA,NA,NA,"proposed","proposed","proposed",NA,"proposed","proposed","proposed",NA,"proposed",NA,NA,"proposed"
"127-17-3","0.10704680076503","0.118197417615986",NA,"0.0590817626946643",NA,"0.0175412323095819","0.0349055984631357",NA,"0.0854722564247997","proposed","0.0863888651481834","0.0690983195099657","proposed",NA,"0.0849956456095767",NA,"0.0133717480616111","proposed","0.0664011611420283","0.0279335347325341","proposed","0.0428667489766588","0.026637977271511","0.094050201999417","0.0650211432488299",NA,"0.0373189557339938","0.150599346002658"
"6622-76-0","proposed",NA,NA,"proposed",NA,"proposed","proposed",NA,"proposed","proposed","proposed","proposed","proposed",NA,NA,NA,"proposed","proposed","proposed",NA,"0.232896754923817","proposed","proposed",NA,"proposed",NA,NA,"proposed"
"623-70-1","0.370042606606718","0.145110939843797",NA,"0.723810039041594",NA,"0.0447347586949639","0.0547252514892605",NA,"0.129695131527377","proposed","0.0200167650289993","0.710961277830579","proposed",NA,"0.197647774144317",NA,"0.0156584252217073","proposed","0.00301331050762177","0.2620738204081","proposed","0.0744504342223195","0.307320893002038","0.302169338703804","0.099652514849694",NA,"0.726218194127484","0.395738853323516"
"624-24-8","proposed",NA,NA,"proposed",NA,"proposed","proposed",NA,"proposed","proposed","proposed","proposed","proposed",NA,NA,NA,"proposed","proposed","proposed",NA,"proposed","proposed","proposed",NA,"proposed",NA,NA,"proposed"
"98-86-2","0.744925983110401","0.133906495415928","0.031986531986532","0.0891154443679576",NA,"0.00657796211609321","0.0230885610165654","0.375290950838351","0.0581768011064608","0.186973384225551","0.222607840558417","0.0722942589554324","0.921638620026206",NA,"0.183540372678404","0.0232413995388393","0.0631138362032685","0.270770959955856","0.0209121528834559","0.62070810659439","0.790661010978319","0.0732907669075322","0","0.0898984175488516","0.280255611079628","0.129457661083186","0.272163925070385","0.277742605439159"
"90-00-6","proposed",NA,NA,"proposed",NA,"proposed","proposed","proposed","proposed","proposed","proposed","proposed","proposed",NA,NA,NA,"proposed","proposed","proposed","proposed","0.285841251625187","proposed","proposed",NA,"proposed",NA,NA,"proposed"
"543-49-7","0.0288735448552853",NA,NA,"proposed",NA,"proposed","proposed","proposed","proposed","proposed","proposed","proposed","proposed",NA,NA,NA,"proposed","proposed","proposed","proposed","0.359513356167514","proposed","proposed",NA,"proposed",NA,NA,"proposed"
"60-12-8","0.0119474683591413","0.159303053915137",NA,"0.0800903869125774",NA,"0.0153485782708841","0.0325660269089723","proposed","0.532020914919336","proposed","0.193921309200751","0.0595626936977261","proposed",NA,"0.046515973988203",NA,"0.107356617242359","proposed","0.0208092609002111","0.720368728089866","0.909906414144205","0.125190410765855","0.0543833613782551","0.0815309696211088","0.0597623502007101",NA,"0.0220521102064509","0.133793099740062"
"96-48-0","0.0285994922884523","0.104291839072929",NA,"0.0829051226062374",NA,"0.0285045025030706","0.0495679971319571","proposed","0.404438305195492","proposed","0.0422576150612209","0.101567784469285","proposed",NA,"0.0374831508049489",NA,"0.0110877573973447","proposed","0.0561656774769633","0.312525112692185","proposed","0.0549953772151064","0.0283028508509805","0.187843168965455","0.0972284763638165",NA,"0.120999591350678","0.250225954348936"
"5405-41-4","0.21781821539479","0.20611034559782",NA,"0.380335800394207",NA,"0.171191758858541","0.201454789243109","proposed","0.63111172500107","proposed","0.216328542418597","0.60480552203109","proposed",NA,"0.298815740362008",NA,"0.099111110458954","proposed","0.105331236482172","0.243548838541533","proposed","0.13756564922571","0.654371232806141","0.890399570185962","0.256347910373487",NA,"0.629452125954423","0.642547609745115"
"564-94-3","proposed",NA,NA,"0.106422253704353",NA,"proposed","proposed","proposed","proposed","proposed","proposed","proposed","proposed",NA,NA,NA,"proposed","proposed","proposed","proposed","0.0531764625324279","proposed","proposed","proposed","proposed",NA,NA,"proposed"
"50-21-5","0.136024926751927","0.111244628344457",NA,"0.0620856406882051",NA,"0.0131559242321864","0.0325660269089723","proposed","0.105384822855251","proposed","0.0951996427576","0.0595626936977261","proposed",NA,"0.0747519752490091",NA,"0.0168027852765763","proposed","0.0561656774769633","0.0242090634348629","proposed","0.0563593353186855","0.0233082301125722","0.060230367449591","0.0650211432488299",NA,"0.0697958049698619","0.0960624583706422"
"3068-88-0","proposed",NA,NA,"0.249860493184603",NA,"proposed","proposed","proposed","proposed","proposed","proposed","proposed","proposed",NA,NA,NA,"proposed","proposed","proposed","proposed","0.231086498274736","proposed","proposed","proposed","proposed",NA,NA,"proposed"
"107-03-9","0.0493745439710706",NA,NA,"0.13922224207781",NA,"proposed","proposed","proposed","proposed","proposed","proposed","proposed","proposed",NA,NA,NA,"0.0322005512153559","proposed","0.010097694681499","proposed","proposed","0.0682282397525446","proposed","0.216441377243227","proposed",NA,"0.109110821014729","proposed"
"123-72-8","0.0338946350889847","0.0324463499338001",NA,"0.112127341054056",NA,"0.00657796211609321","0.176456727923502","proposed","0.384094071507181","proposed","0.0444817000644431","0.218871679384838","proposed",NA,"0.104100473587322",NA,"0.00505873224659911","proposed","0.0383975278469517","0.165452563463977","0.215499557185331","0.0563593353186855","0.0611461220842613","0.20972232729291","0.0850685801149021",NA,"0.111398881404274","0.0960624583706422"
"78-93-3","0.0581730021434652","0.0834334712583434",NA,"0.279253952093557",NA,"0.0263118484643728","0.0470435342845648","proposed","0.133901792158","proposed","0.0521271481353609","0.121749772432481","proposed",NA,"0.0849956456095767",NA,"0.0156584252217073","proposed","0.417750267415991","0.177044465153758","0.148359746350308","0.0563593353186855","0.047338072082406","0.157754575839987","0.142656278880911",NA,"0.0424079042431748","0.370826380392775"
"123-75-1","0.0424308059245141",NA,NA,"0.0809264561688682",NA,"proposed","proposed","proposed","proposed","proposed","proposed","proposed","proposed",NA,NA,NA,"0.0322005512153559","proposed","0.0314351741414884","proposed","proposed","0.0682282397525446","proposed","proposed","proposed",NA,"0.109110821014729","proposed"
"626-38-0","0",NA,NA,"0.514571234354488",NA,"proposed","proposed","proposed","proposed","proposed","proposed","proposed","proposed",NA,NA,NA,"proposed","proposed","proposed","proposed","proposed","proposed","proposed","proposed","proposed",NA,NA,"proposed"
"470-82-6","proposed",NA,NA,"0.0766114542687333",NA,"proposed","proposed","proposed","proposed","proposed","proposed","proposed","proposed",NA,NA,NA,"0.0322005512153559","proposed","proposed","proposed","0.0937972900959368","0.0682282397525446","proposed","proposed","proposed",NA,"0.109110821014729","proposed"
"638-11-9","proposed",NA,NA,"proposed",NA,"proposed","proposed","proposed","proposed","proposed","proposed","proposed","proposed",NA,NA,NA,"proposed","proposed","proposed","proposed","0.163118450504314","proposed","proposed","proposed","proposed",NA,NA,"proposed"
"7452-79-1","0.0696215826420938",NA,NA,"0.586737958159865",NA,"proposed","proposed","proposed","proposed","proposed","proposed","proposed","proposed",NA,NA,NA,"0.0322005512153559","proposed","0.127454767233069","proposed","0.148395569777601","0.18283006120268","0.19596290212876","proposed","proposed",NA,"0.109110821014729","proposed"
"629-19-6","0.0696215826420938",NA,NA,"0.121246141329689",NA,"proposed","proposed","proposed","proposed","proposed","proposed","proposed","proposed",NA,NA,NA,"0.0322005512153559","proposed","0.012297795024459","proposed","proposed","0.0682282397525446","proposed","proposed","proposed",NA,"0.109110821014729","proposed"
"5837-78-5","proposed",NA,NA,"proposed",NA,"proposed","proposed","proposed","proposed","proposed","proposed","proposed","proposed",NA,NA,NA,"proposed","proposed","proposed","proposed","0.201409847816844","proposed","proposed","proposed","proposed",NA,NA,"proposed"
"624-41-9","proposed",NA,NA,"0.567911148686816",NA,"proposed","proposed","proposed","proposed","proposed","proposed","proposed","proposed",NA,NA,NA,"proposed","proposed","proposed","proposed","0.233695788828635","proposed","proposed","proposed","proposed",NA,NA,"proposed"
"590-01-2","proposed",NA,NA,"proposed",NA,"proposed","proposed","proposed","proposed","proposed","proposed","proposed","proposed",NA,NA,NA,"proposed","proposed","proposed","proposed","proposed","proposed","proposed","proposed","proposed",NA,NA,"proposed"
"539-82-2","proposed",NA,NA,"proposed",NA,"proposed","proposed","proposed","proposed","proposed","proposed","0.522105963237644","proposed",NA,"0.583713697408371",NA,"proposed","proposed","proposed","proposed","proposed","proposed","proposed","proposed","proposed",NA,NA,"proposed"
"431-03-8","0.0475643829702132","0.181427596789341","0.0248784137673026","0.229480482774878",NA,"0.0736590846545151","0.0431709550216524","0.0278592752106218","0.185264929265544","0.75328204436285","0.12302925815","0.265856495080203","0.0721822034101317",NA,"0.119917134233287","0.0776175874085594","0.0347095911920418","0.0585771226067574","0.374425305881832","0.182272015127417","0.213896225991107","0.0921270195945724","0.145642096824134","0.375639690612351","0.0819453818139032","0.0593332345830253","0.106432508807407","0.403799356253842"
"98-01-1","0.724978870046834","0.0695278927152857",NA,"0.0974454624573418",NA,"0.0674504483779896","0.0547252514892605","proposed","0.689330218813048","proposed","0.0311371900451101","0.153382217219103","proposed",NA,"0.0374831508049489",NA,"0.00766671242525538","proposed","0.145155069753058","0.616875005767642","0","0.0773017472232173","0.0382920923277971","0.238062472103402","0.196609077127454",NA,"0.133800537945881","0.36802512009469"
"628-63-7","0.0647576126296525","0.509903342671549","0.0924055368499813","0.550149273940285","0.072463768115942","0.130873885489232","0.185489531489301","0.0329990455027801","0.756295797600552","0.16453999160091","0.147893060938564","0.365541584621643","0.0805121476985183",NA,"0.831423697532133","0.13000855120374","0.019055389238113","0.0800575486726508","0.168757779400807","0.525893077955843","0.367944670626384","0.0477258761528811","0.123047057588048","0.619171258563096","0.133164442477299","0.12424524271147","0.606586422859509","0.3257387504478"
"589-63-9","proposed",NA,NA,"proposed",NA,"proposed","proposed","proposed","proposed","proposed","proposed","proposed","proposed",NA,NA,NA,"proposed","proposed","proposed","proposed","proposed","proposed","proposed","proposed","proposed","proposed","proposed","proposed"
"644-35-9","proposed",NA,NA,"0.152130596576772",NA,"proposed","proposed","proposed","proposed","proposed","proposed","proposed","proposed",NA,NA,NA,"proposed","proposed","proposed","proposed","0.1234524296789","proposed","proposed","proposed","proposed","proposed","proposed","proposed"
"589-62-8","proposed",NA,NA,"proposed",NA,"proposed","proposed","proposed","proposed","proposed","proposed","proposed","proposed",NA,NA,NA,"proposed","proposed","proposed","proposed","0.0928516149377078","proposed","proposed","proposed","proposed","proposed","proposed","proposed"
"78-83-1","proposed",NA,NA,"proposed",NA,"proposed","proposed","proposed","0.681492076559531","proposed","proposed","proposed","proposed",NA,NA,NA,"proposed","proposed","proposed","proposed","proposed","proposed","proposed","proposed","proposed","proposed","proposed","proposed"
"71-36-3","0.032034075633189","0.264210466709459","0.0355405910961467","0.258968854068132",NA,"0.190527451941413","0.12709515740469","0.0448940795145058","0.784702051845848","0.304633669151843","0.0863888651481834","0.315206913953817","0.160136426816441",NA,"0.140798814303629","0.0922038898018336","0.0364253919068888","0.0748139122367475","0.125111238147388","0.17241852297173","0.49693306945694","0.104439823182085","0.0508990787650128","0.176687232419473","0.109374669081401","0.0253962062788681","0.0803060201588331","0.395738853323516"
"645-56-7","proposed",NA,NA,"proposed",NA,"proposed","proposed","proposed","proposed","proposed","proposed","proposed","proposed","0.0704612604696","proposed",NA,"0","proposed","proposed","proposed","proposed","proposed","proposed","proposed","proposed","proposed","proposed","proposed"
"56-81-5","0.0275424180238394","0.0718454891391288",NA,"0.0103478948455153",NA,"0.00438530807739547","0.0325660269089723","proposed","0.0556773113011668","proposed","0.028913105041888","0.0563996612555364","proposed",NA,"0.0269026303769799",NA,"0.0122294196947101","proposed","0.00753327626905438","0.0148978851906848","proposed","0.0270439756802659","0.047338072082406","0","0.0426988915581288","proposed","0.0322300072248129","0.103001109886701"
"79-31-2","0.123176130817279","0.139492249755036",NA,"0.100489116255137",NA,"0.0131559242321864","0.0234646076855557","proposed","0.0672580746870216","proposed","0.0675737730163322","0.0722942589554324","proposed",NA,"0.0747519752490091",NA,"0.0168027852765763","proposed","0.0922572181914823","0.0167601208395205","0.164538984203336","0.0455405383063819","0.0299677244304499","0.142288525513636","0.0751894231880804","proposed","0.0601950950234589","0.140541056027997"
"470-67-7","0.0273739627459394",NA,NA,"0.101871260791492",NA,"proposed","proposed","proposed","proposed","proposed","proposed","proposed","proposed",NA,"proposed",NA,"proposed","proposed","0.0374757621935432","proposed","proposed","proposed","proposed","proposed","proposed","proposed","proposed","proposed"
"513-86-0","0",NA,NA,"0.244383310326124",NA,"proposed","proposed","proposed","proposed","proposed","proposed","proposed","proposed",NA,"proposed",NA,"proposed","proposed","proposed","proposed","proposed","proposed","proposed","proposed","proposed","proposed","proposed","0.799051102590333"
"141-78-6","0.0538024277857792","0.138173682147739","0.010662177328844","0.166536139779919","0.0108695652173913","0.0320308575692033","0.0279810631103308","0.0295334266400171","0.0879972175998838","0.874243937022278","0.083227660364478","0.496726601903977","0.0520006131634428","0.0467001218474295","0.377747116039398","0.0397337691973231","0.0178513879460617","0.144133306920539","0.508944190705482","0.122935300343425","0.148063348985463","0.068571649006456","0.207029774343558","0.00488830637633754","0.0732650940819241","0.0523465337939025","0.0752167634682518","0.220857582645959"
"107-92-6","0.0948218578927992","0.147932707407921",NA,"0.0996946822779758",NA,"0.0131559242321864","0.0547252514892605","proposed","0.116348823193271","0.0837930399646986","0.0574262897471307","0.104888863257802","proposed",NA,"0.0899307785140035",NA,"0.0268286481453366","proposed","0.0675567455223734","0.330466733817169","0.179611694451516","0.0549609524097571","0.0249731036920416","0.157754575839987","0.0923772414585398","proposed","0.0963656722990325","0.487748679253112"
"93-89-0","0.834659508167617","0.106609435496772",NA,"0.100500137883372",NA,"0.00657796211609321","0.0302531403829572","proposed","0.0312986295299466","proposed","0.0111204250161107","0.0595626936977261","proposed",NA,"0.134300679376032",NA,"0.00592768717716531","proposed","0.00602662101524353","0.647539812381634","0.415937699393594","0.0231403682098719","0.0183136093741638","0.0559031550451685","0.0923772414585398","proposed","0.778999685858244","0.173775347823654"
"89-83-8","proposed",NA,NA,"proposed",NA,"proposed","proposed","proposed","proposed","proposed","proposed","proposed","proposed",NA,"proposed",NA,"proposed","proposed","proposed","proposed","proposed","proposed","proposed","proposed","proposed","proposed","proposed","proposed"
"108-29-2","0.218453258074499",NA,NA,"0.277093919772453",NA,"proposed","proposed","proposed","proposed","proposed","proposed","proposed","proposed",NA,"proposed",NA,"0.0322005512153559","proposed","0.0491338717370453","proposed","0.249036161563247","0.0682282397525446","proposed","proposed","proposed","proposed","0.109110821014729","proposed"
"513-85-9","0.0147663735585611","0.0764806819868149",NA,"0.075150672068241",NA,"0.0109632701934887","0.0420954874117288","proposed","0.0804278691107559","proposed","0.0444817000644431","0.48156523410051","proposed",NA,"0.0269026303769799",NA,"0.00679701313038825","proposed","0.0409247318258102","0.0428314199232189","0.24903463500343","0.0758735309232256","0.0861177027378476","0.0645349469635154","0.06240997016889","proposed","0.0537946217258569","0.738588095176649"
"89-82-7","proposed",NA,NA,"0.0894536107882133",NA,"proposed","proposed","proposed","proposed","proposed","proposed","proposed","proposed","proposed","proposed",NA,"proposed","proposed","proposed","proposed","0.0815802064518238","proposed","proposed","proposed","proposed","proposed","proposed","proposed"
"6485-40-1","proposed","proposed",NA,"0.0968270687839055",NA,"proposed","proposed","proposed","proposed","proposed","proposed","proposed","proposed","proposed","proposed",NA,"proposed","proposed","proposed","proposed","0.116365581104525","proposed","proposed","proposed","proposed","proposed","proposed","proposed"
"2305-25-1","0","proposed",NA,"0.312164373870065",NA,"proposed","proposed","proposed","proposed","proposed","proposed","proposed","proposed","proposed","proposed",NA,"proposed","proposed","proposed","proposed","0.188601848524529","proposed","proposed","proposed","proposed","proposed","proposed","proposed"
"107-87-9","0.095761701735531","0.118197417615986",NA,"0.355260944060837",NA,"0.0644822492251485","0.114176621658049","proposed","0.398764611553","proposed","0.138841087186598","0.324426471497768","proposed","proposed","0.292902543114404",NA,"0.0156584252217073","proposed","0.172220960418953","0.183960978185931","proposed","0.113585514057994","0.0283028508509805","0.413507311926222","0.181538195379008","proposed","0.0633953316722598","0.467374705577715"
"110-62-3","0.0546901459490154","0.0741630855629718",NA,"0.246930958797049",NA,"0.00877061615479094","0.086308381645322","proposed","0.462740751723774","proposed","0.0400335300579987","0.0787157668154794","proposed","proposed","0.138359531586244",NA,"0.00419014603863195","proposed","0.0434556180187711","0.124999949690967","0.587259596702415","0.0549953772151064","0.0382920923277971","0.213315149529103","0.104505205439626","proposed","0.114599118053076","0.157262749519114"
"616-25-1","0.0280219629819885","0.311484052840974",NA,"0.126573041096503",NA,"0.152662688166912","0.130466271140644","proposed","0.233897335871616","proposed","0.28648530913724","0.452133888243137","proposed","proposed","0.18005673714311",NA,"0.0717690759002435","proposed","0.115861872072941","0.0335202416790409","proposed","0.223828419374737","0.106145238033841","0.0857254067684988","0.139900752312654","proposed","0.0254447425459049","0.653392084972997"
"89-78-1","proposed","proposed",NA,"proposed",NA,"proposed","proposed","proposed","proposed","proposed","proposed","proposed","proposed","proposed","proposed",NA,"proposed","proposed",NA,"proposed","proposed","proposed","proposed","proposed","proposed","proposed","proposed","proposed"
"78-70-6","0.0268964640381144","0.501608940836273",NA,"0.0920962405059373",NA,"0.0263118484643728","0.0711898612728222","proposed","0.185553170708902","proposed","0.0625707269754221","0.0444886156078318","proposed","proposed","0.104100473587322",NA,"0.0181953486269939","proposed","0.00820334331886153","0.216036844607975","0.0469003837703774","0.0458488399728652","0.0149838622152249","0.202491474545748","0.0486755304611078","proposed","0.47080685464782","0.0960624583706422"
"5392-40-5","proposed","proposed",NA,"0.158491961803288",NA,"proposed","proposed","proposed","proposed","proposed","proposed","proposed","proposed","proposed","proposed","proposed","proposed","proposed",NA,"proposed","0.166356739995856","proposed","proposed","proposed","proposed","proposed","proposed","proposed"
"24683-00-9","0.0696215826420938","proposed",NA,"0.0659959628313178",NA,"proposed","proposed","proposed","proposed","proposed","proposed","proposed","proposed","proposed","proposed","proposed","0.0322005512153559","proposed","0.0374757621935432","proposed","proposed","0.0682282397525446","proposed","proposed","proposed","proposed","0.109110821014729","proposed"
"97-53-0","0.205861921716166","0.0834334712583434",NA,"0.141742569163925",NA,"0.0219265403869773","0.0372729322899418","proposed","0.0487273814367893","proposed","0.0378094450547766","0.0722942589554324","proposed","proposed","0.0228571419206581","proposed","0.00592768717716531","proposed","0.0689694934889186","0.0316580060302053","0.156669064491872","0.0244394787258771","0.0349623451688582","0.138375915501722","0.0701529650442093","proposed","0.188204560975498","0.109904605084415"
"97-54-1","proposed","proposed",NA,"0.134383502587817",NA,"proposed","proposed","proposed","proposed","proposed","proposed","proposed","proposed","proposed","proposed","proposed","proposed","proposed",NA,"proposed","0.0592091710922295","proposed","proposed","proposed","proposed","proposed","proposed","proposed"
"100-47-0","proposed","proposed",NA,"proposed",NA,"proposed","proposed","proposed","proposed","proposed","proposed","proposed","proposed","proposed","proposed","proposed","proposed","proposed",NA,"proposed","0.524594347015912","proposed","proposed","proposed","proposed","proposed","proposed","proposed"
"3268-49-3","proposed","proposed",NA,"proposed",NA,"proposed","proposed","proposed","proposed","proposed","proposed","proposed","proposed","proposed","proposed","proposed","proposed","proposed",NA,"proposed","proposed","proposed","proposed","proposed","proposed","proposed","proposed","proposed"
"100-52-7","0.228771150790904","0.0857510676821858","0.085297418630752","0.0311647860805537",NA,"0.00877061615479094","0.0335679664245923","0.597451350183133","0.470816788926186","0.111541090453021","0.221779071922147","0.0787157668154794","0.77635317349845","0.190278646951674","0.0941788344867234","0.00649853467129661","0.074634806461634","0.0441746274848883","0.0218172922309939","0.651372913208383","0.657601809356364","0.0448142175835869","0.0676690817056302","0.150058030160957","0.155533300137895","0.0397447134415003","0.113317527335909","0.262530906797095"
"1192-62-7","0","proposed",NA,"0.205221382707997",NA,"proposed","proposed","proposed","proposed","proposed","proposed","proposed",NA,"proposed","proposed","proposed","proposed","proposed",NA,"proposed","proposed","proposed","proposed","proposed","proposed","proposed","proposed","proposed"
"110-60-1","0.0244917133276248","0.0996566462252435",NA,"0.0368191648889726",NA,"0.0153485782708841","0.0420954874117288","proposed","0.170277497073874","proposed","0.0311371900451101","0.0444886156078318",NA,"proposed","0.00465244386720973","proposed","0.0186296417309775","proposed","0.0138981495288956","0.0111734138930136","proposed","0.0448142175835869","0.0199784829536333","0.102267465034394","0.0597623502007101","proposed","0.101718889679098","0.163892698285075"
"591-68-4","proposed","proposed","proposed","proposed","proposed","proposed","proposed","proposed","proposed","proposed","proposed","proposed",NA,"proposed","proposed","proposed","proposed","proposed",NA,"proposed","proposed","proposed","proposed","proposed","proposed","proposed","proposed","proposed"
"546-80-5","proposed","proposed","proposed","0.199464080209224","proposed","proposed","proposed","proposed","proposed","proposed","proposed","proposed",NA,"proposed","proposed","proposed","proposed","proposed",NA,"proposed","0.0588572178347746","proposed","proposed","proposed","proposed","proposed","proposed","proposed"
"6032-29-7","0.0899272026276323","0.343342720210163","proposed","0.28074880859192","proposed","0.190527451941413","0.14897125454245","proposed","0.652205998056583","proposed","0.400027935301611","0.661214385395747",NA,"proposed","0.301756872688413","proposed","0.0717690759002435","proposed","0.115861872072941","0.094613438124845","proposed","0.189313602979102","0.171915661801195","0.509711539643845","0.228455592882989","proposed","0.287411897088328","0.691505054585224"
"123-51-3","0.0154751189077227","0.356102882896742","proposed","0.264178677046101","proposed","0.167894123960254","0.114176621658049","proposed","0.788894991278627","proposed","0.274521165283483","0.210736457706379",NA,"proposed","0.121773593861454","proposed","0.0334768116641627","proposed","0.0703390621321916","0.177044465153758","0.500723539910392","0.111078552998175","0.0166487357946944","0.0981809599192855","0.142656278880911","proposed","0.0990422809890655","0.379190053811127"
"705-86-2","0.0261051179899696","0.0672102962914433","proposed","0.0132676262236485","proposed","0.0153485782708841","0.0279659155706959","proposed","0.0417754698318946","proposed","0.0333612750483323","0.0474122919499191",NA,"proposed","0.0228571419206581","proposed","0.00766671242525538","proposed","0.0208092609002111","0.0223468277860273","proposed","0.0283494503868144","0.047338072082406","0.0981809599192855","0.0328142289252841","proposed","0.0537946217258569","0.0679519160914525"
"108-94-1","0.0227634682628463","proposed","0.0248784137673026","0.1982157663605","proposed","0.157775653940132","0.100795683008376","0.0142900897695007","0.699380764033793","0.245807777152684","0.449279799804245","proposed","0.0688056995357883","0.0415874127136472","0.0187662227521508","0.0297038628152294","0.0322005512153559","0.0782252510820544","0.0491338717370453","proposed","0.319434754924015","0.0682282397525446","proposed","proposed","proposed","0.0379976446946974","0.109110821014729","proposed"
"71-41-0","0.0714751951660656","0.375214973873795","proposed","0.506197180869844","proposed","0.262744369294779","0.134859705980636","proposed","0.794072614789601","proposed","0.34290730753734","0.477460354184336",NA,"proposed","0.256454485170517","proposed","0.104605832905461","proposed","0.158635321610725","0.376438757786182","proposed","0.337755483585067","0.177057122860783","0.618733624828813","0.215104762250988","proposed","0.268210477195522","0.541892899696965"
"5949-05-3","proposed","proposed","proposed","0.126030418029179","proposed","proposed","proposed","proposed","proposed","proposed","proposed","proposed",NA,"proposed","proposed","proposed","proposed","proposed",NA,"proposed","0.094285815062222","proposed","proposed","proposed","proposed","proposed","proposed","proposed"
"109-52-4","0.1042697343893","0.20611034559782","proposed","0.0905555428537451","proposed","0.0241191944256751","0.0445531669835664","proposed","0.229608777294611","proposed","0.0675737730163322","0.0627331098920053",NA,"proposed","0.0747519752490091","proposed","0.0145147480372694","proposed","0.0766973823096282","0.664788766102005","0.0809884778561587","0.0428667489766588","0.0366272187483277","0.122535115245863","0.067600742766162","proposed","0.0203557940367239","0.140541056027997"
"505-10-2","0.0668615798877842","0.0996566462252435","proposed","0.0798904542554328","proposed","0.0153485782708841","0.0470435342845648","proposed","0.720232722784784","proposed","0.107820262132479","0.164356332049356",NA,"proposed","0.685663877631057","proposed","0.0216441543063503","proposed","0.0455573352536137","0.139520550262283","proposed","0.083227917695577","0.119802194759755","0.184141024551544","0.145471687151253","proposed","0.111533121542554","0.376408825637956"
"109-60-4","0.212372015093401","0.118197417615986","0.031986531986532","0.687636065915313","proposed","0.0591993944022878","0.105260886023491","0.067044410514945","0.529634982857497","0.92110095707218","0.138841087186598","0.67520168485673","0.0585991626239568","proposed","0.741007828378335","0.0629465911350438","0.024832914948396","0.104868120721631","0.188665043589128","0.195442985499181","0.15771322916116","0.118484058578249","0.0199784829536333","0.587549302916429","0.164427449053912","0.0593332345830253","0.5210291724508","0.544290579448148"
"623-42-7","0.158093297123386","0.106609435496772","proposed","0.746768057068394","proposed","0.0241191944256751","0.0961487038008208","proposed","0.475403906661511","proposed","0.13138147839508","0.67520168485673",NA,"proposed","0.493524513901603","proposed","0.0392279427952941","proposed","0.392847739212826","0.288046723962868","proposed","0.139329675191936","0.0543833613782551","0.295601002744456","0.114274525232366","proposed","0.249009057302717","0.500293333447501"
"105-37-3","0.0973401892264563","0.0903862605298719","proposed","0.404093588793976","proposed","0.00877061615479094","0.0831653910041998","proposed","0.0672580746870216","proposed","0.0951996427576","0.661214385395747",NA,"proposed","0.228617440315491","proposed","0.0194987821728721","proposed","0.295383486036151","0.10889833257039","proposed","0.0938142096445053","0.169346460487991","0.22400569634162","0.104505205439626","proposed","0.125314937859465","0.271782346489149"
"107-85-7","proposed","proposed","proposed","proposed","proposed","proposed","proposed","proposed","0.449148995072692","proposed","proposed","proposed",NA,"proposed","proposed","proposed","proposed","proposed",NA,"proposed","proposed","proposed","proposed","proposed","proposed","proposed","proposed","proposed"
"503-74-2","0.106925653080786","0.179522494833639","proposed","0.0734813098099843","proposed","0.0109632701934887","0.0372729322899418",NA,"0.0626130147517873","proposed","0.0422576150612209","0.0690983195099657",NA,"proposed","0.0582706167947441","proposed","0.0190935769574155","proposed","0.087055081308516","0.127444206313126","proposed","0.0482261128189717","0.047338072082406","0.0815309696211088","0.0751894231880804","proposed","0.044193911779454","0.153935242628709"
"106-44-5","0.165793916183554","proposed","0.0462027684249906","0.142689157816912","proposed","proposed","0.00023529666416202","0.64974263832583","0.0415540016774389","0.0413686263669638","proposed","proposed","0.342367532181121","0.698584298584299","0.0133187968581897","0.0167739429130311","0.473223303286619","0","0.0433727215327421","proposed","0.0885630858846622","0.0682282397525446","proposed","proposed","proposed","0.458189340528737","0.109110821014729","proposed"
"108-39-4","proposed","proposed","proposed","proposed","proposed","proposed","proposed",NA,"proposed","proposed","proposed","proposed",NA,"proposed","proposed","proposed","0.546396023927883","proposed",NA,"proposed","proposed","proposed","proposed","proposed","proposed","proposed","proposed","proposed"
"93-15-2","0.101619475455352","proposed","0","0.13679794441652","proposed","proposed","0.0175896098963237","0.0465682309439012","0.105393677869111","0.0465179920277016","proposed","proposed","0.0399877906227262","proposed","0","0.00606052980405725","0.0322005512153559","0.466909835525041","0.0547664418755981","proposed","0.124791004945949","0.0682282397525446","proposed","proposed","proposed","0.034410427486277","0.109110821014729","proposed"
"100-51-6","0.0299501775972299","0.0996566462252435","proposed","0.0740248908158663","proposed","0.00877061615479094","0.0190548745076888",NA,"0.27455451881491","proposed","0.269376643802764","0.0415595165320493",NA,"proposed","0.0435107965772957","proposed","0.295318228841375","proposed","0.051070482690459","0.29044939844871","0.706231069770665","0.0632343819111768","0.0349623451688582","0.0773149058075257","0.102077569945849","proposed","0.0373189557339938","0.177053061278056"
"108-93-0","0","proposed","proposed","0.200571854669115","proposed","0.114777943406019","0.156474377793087",NA,"proposed","proposed","0.50265473033988","proposed",NA,"proposed","proposed","proposed","proposed","proposed",NA,"proposed","proposed","proposed",NA,"proposed","0.216287262431739","proposed","proposed","proposed"
"100-66-3","proposed","proposed","0.0177702955480733","0","proposed","proposed","0.0175896098963237","0.710984256797364","0.0433462803431044","0.153010432673838","proposed","proposed","0.452167930474819","proposed","0.101902130030365","0.00046942155642498","proposed","0.365207059420758",NA,"proposed","0.293171313049896","proposed",NA,"proposed","proposed","0.0683477750828597","proposed","proposed"
"110-54-3","proposed","proposed","proposed","proposed","proposed","proposed","proposed",NA,"proposed","proposed","proposed","proposed",NA,"proposed","proposed","proposed","proposed","proposed",NA,"proposed","proposed","proposed",NA,"proposed","proposed","proposed","proposed","proposed"
"120-72-9","0.0562184914486543","proposed","proposed","0.105110314478759","proposed","proposed","proposed",NA,"proposed","0.0535306848026228","proposed","proposed",NA,NA,"proposed","proposed","0.0322005512153559","proposed","0.0602771277857836","proposed","proposed","0.0682282397525446",NA,"proposed","proposed","proposed","0.109110821014729","proposed"
"90-02-8","proposed","proposed","proposed","0.114848100349775","proposed","proposed","proposed",NA,"proposed","proposed","proposed","proposed",NA,NA,"proposed","proposed","proposed","proposed",NA,"proposed","proposed","proposed",NA,"proposed","proposed","proposed","proposed","proposed"
"7778-87-2","proposed","proposed","proposed","proposed","proposed","proposed","proposed",NA,"proposed","proposed","proposed","proposed",NA,NA,"proposed","proposed","proposed","proposed",NA,"proposed","proposed","proposed",NA,"proposed","proposed","proposed","proposed","proposed"
"2639-63-6","0.0164862709467518","0.136695271846766","proposed","0.138645688129687","proposed","0.0219265403869773","0.0372729322899418",NA,"0.811449227124221","proposed","0.0521271481353609","0.0627331098920053",NA,NA,"0.0899307785140035","proposed","0.0122294196947101","proposed","0.0208092609002111","0.165452563463977","0.377676834720912","0.0362304473917501","0.159065029258444","0.356790872866642","0.0395511266956621","0.066013886274134","0.117799354701876","0.0820788140895058"
"79-77-6","proposed","proposed","proposed","proposed","proposed","proposed","proposed",NA,"proposed","proposed","proposed","proposed",NA,NA,"proposed","proposed",NA,NA,NA,"proposed","0.0739487216658277",NA,NA,"proposed","proposed","proposed","proposed","proposed"
"3658-77-3","proposed","proposed","proposed","proposed","proposed","proposed","proposed",NA,"proposed","proposed","proposed","proposed",NA,NA,"proposed","proposed",NA,NA,NA,"proposed","proposed",NA,NA,"proposed","proposed","proposed","proposed","proposed"
"4798-44-1","proposed","proposed","proposed","proposed","proposed","proposed","proposed",NA,"proposed","proposed","proposed","proposed",NA,NA,"proposed","proposed",NA,NA,NA,"proposed","0.253901598682807",NA,NA,"proposed","proposed","proposed","proposed","proposed"
"90-05-1","proposed","proposed","proposed","0.054433380832087","proposed","proposed","proposed",NA,"proposed","proposed","proposed","proposed",NA,NA,"proposed","proposed",NA,NA,NA,"proposed",NA,NA,NA,"proposed","proposed","proposed","proposed",NA
"928-95-0","0.0280907448728648","0.359291532953576","proposed","0.19397827785314","proposed","0.190527451941413","0.134859705980636",NA,"0.80663840049232","proposed","0.206813914668588","0.389372250516958",NA,NA,"0.150230107478192","proposed","0.0438539884580711",NA,"0.0514556606799855","0.27378860656713",NA,"0.216743033495725","0.470076058504439","0.908365406807318","0.238417134843881","proposed","0.601767400182874","0.414750064098591"
"2883-98-9","proposed","proposed","proposed","0.156556495017897","proposed","proposed","proposed",NA,"proposed","proposed","proposed","proposed",NA,NA,"proposed","proposed",NA,NA,NA,"proposed",NA,NA,NA,"proposed","proposed","proposed","proposed",NA
"140-29-4","0","proposed","proposed","0.0779301228536634","proposed","proposed","proposed",NA,"0","proposed","proposed","proposed",NA,NA,"proposed","proposed",NA,NA,NA,"proposed",NA,NA,NA,"proposed",NA,"proposed","proposed",NA
"462-94-2","0.0235191346534682","0.108927031920615","proposed","0.0161165448393927","proposed","0.00438530807739547","0.0302531403829572",NA,"0.120046941055684","proposed","0.0467057850676652","0.0787157668154794",NA,NA,"0.00667518809537065","proposed","0.00994675569028052",NA,"0.0333541215890619","0.00372447129767121",NA,"0.0468818181722146","0.0233082301125722","0.118526330949794","0.0801548183596756","proposed","0.0953976981602696","0.147255033507146"
"122-78-1","0.308623661414597","0.0509871213245431","proposed","0.108916490930967","proposed","0.0219265403869773","0.0521280442885516",NA,"0.0173282553588338",NA,"0.083611214249978","0.065911462990369",NA,NA,"0.134300679376032","proposed","0.0631138362032685",NA,"0.0281619113293868","0.39354933623916","0.658284790111082","0.0559547858459223","0.0770782449746454","0.157754575839987","0.089946902290148","proposed","0.27037951927703","0.123606991943924"
"111-27-3","0.046431664910642","0.545290762270866","0.0781893004115226","0.21616181466697","0.0615942028985507","0.210304952919159","0.123525652268488","0.0431612700831244","0.83861619662582","0.496764856577167","0.527278347328834","0.383111447332792","0.111038342728119",NA,"0.211829511480214","0.144705572875384","0.0322464002712538","0.0441746274848883","0.104482156200079","0.404046628032714","0.611148866309217","0.195182074640952","0.496978055895471","0.758877212918045","0.232994469815786","0.104218595942296","0.426808500467561","0.373475154243288"
"5454-28-4","proposed","proposed","proposed","proposed","proposed",NA,"proposed",NA,"proposed",NA,"proposed",NA,NA,NA,"proposed","proposed",NA,NA,NA,"proposed",NA,NA,NA,"proposed",NA,"proposed","proposed",NA
"142-62-1","0.095761701735531","0.20611034559782","proposed","0.287872439408471","proposed","0.0263118484643728","0.0470435342845648",NA,"0.0959118759935665",NA,"0.111889122594165","0.0627331098920053",NA,NA,"0.046515973988203","proposed","0.020240020222469",NA,"0.0896541993685872","0.057897036877933","0.159384951417709","0.0442022042213155","0.0233082301125722","0.161575987845477","0.0923772414585398","proposed","0.0697958049698619","0.150599346002658"
"123-86-4","0.335649432780683","0.296668635804324","proposed","0.430139815823125","proposed","0.152662688166912","0.197433843100038",NA,"0.301178728968742",NA,"0.16723035591363","0.664636415687154",NA,NA,"0.802516111193175","proposed","0.0365285595653363",NA,"0.139792129915762","0.443758021493708","0.28198232981384","0.090411529434716","0.0233082301125722","0.903637555064857","0.215104762250988","proposed","0.698068065204412","0.520069238288354"
"106-36-5","proposed","proposed","proposed","proposed","proposed",NA,"proposed",NA,"proposed",NA,"proposed",NA,NA,NA,"proposed","proposed",NA,NA,NA,"proposed",NA,NA,NA,"proposed",NA,"proposed","proposed",NA
"105-54-4","0.0489642486577929","0.308997295635626","0.010662177328844","0.588449673577732","0.0036231884057971","0.0591338029503385","0.0373897156972969","0.0227195049184635","0.343523649587724","0.786681024630372","0.175200592578362","0.691474175747189","0.0434437211069522",NA,"0.2836820965315","0.0671354958626186","0.0272173281170855","0.0603254242436966","0.137337066950613","0.424422056153477","0.114132123820264","0.395691148661765","0.487815807873724","0.296037919374553","0.0980805757152728","0.0636852568849915","0.241630521696616","0.442602751770336"
"18829-55-5","proposed","proposed","proposed","proposed","proposed",NA,"proposed",NA,"0.792379367195967",NA,"proposed",NA,NA,NA,"proposed","proposed",NA,NA,NA,"proposed",NA,NA,NA,"proposed",NA,"proposed","proposed",NA
"110-19-0","0.500973856794788","0.261095075504192","proposed","0.85462574552524","proposed","0.0447347586949639","0.118073250837587",NA,"0.185553170708902",NA,"0.184070139187579","0.681929226851762",NA,NA,"0.585705159528741","proposed","0.00880640915346818",NA,"0.129115699224178","0.0892973317227714",NA,"0.135691613267989","0.00332974715893888","0.471630130112466","0.137196520020147","proposed","0.664639787108263","0.570314794082116"
"123-07-9","proposed","proposed","proposed","0.155173722074322","proposed",NA,"proposed",NA,"proposed",NA,"proposed",NA,NA,NA,"proposed","proposed","0.274950319643271",NA,NA,"proposed",NA,NA,NA,"proposed",NA,"proposed","proposed",NA
"123-11-5","proposed","proposed","proposed","0.0584445289332063","proposed",NA,"proposed",NA,"proposed",NA,NA,NA,NA,NA,"proposed","proposed",NA,NA,NA,"proposed","0.0994429961977461",NA,NA,"proposed",NA,NA,"proposed",NA
"142-82-5",NA,"proposed","proposed","0.0829030502951337","proposed",NA,"proposed",NA,"proposed",NA,NA,NA,NA,NA,"proposed","proposed",NA,NA,NA,"proposed","0.0882217279671973",NA,NA,"proposed",NA,NA,"proposed",NA
"93-58-3","0.833366435338112","0.092703856953715","proposed","0.0829051226062374","proposed","0.00657796211609321","0.0302531403829572",NA,"0.03421759803007",NA,"0.0772014689592313","0.146192318285238",NA,NA,"0.176451562516856","proposed","0.0365285595653363",NA,"0.0108381133660704","0.666705316515379",NA,"0.0415341076163773","0.0577971747124996","0.118526330949794","0.157581718670828",NA,"0.69630868214672","0.218925591297176"
"6378-65-0","0.0355230430255451","0.0625751034437574","proposed","0.0479178192853331","proposed","0.0109632701934887","0.0302531403829572",NA,"0.550137451675329",NA,"0.0378094450547766","0.0386249704562459",NA,NA,"0.0208343976924971","proposed","0.0110877573973447",NA,"0.0333541215890619","0.0130356495418493",NA,"0.0231403682098719","0.0611461220842613","0.0688170955363463","0.06240997016889",NA,"0.044193911779454","0.0643976006276219"
"105-21-5",NA,"proposed","proposed","proposed","proposed",NA,"proposed",NA,"proposed",NA,NA,NA,NA,NA,"proposed","proposed",NA,NA,NA,"proposed","0.57639451521388",NA,NA,"proposed",NA,NA,"proposed",NA
"111-71-7",NA,"proposed","proposed","0.516081952960589","proposed",NA,"proposed",NA,"0.670043035108031",NA,NA,NA,NA,NA,"proposed","proposed",NA,NA,NA,"proposed","0.200872371765874",NA,NA,"proposed",NA,NA,"proposed",NA
"106-35-4",NA,"proposed","proposed","proposed","proposed",NA,"proposed",NA,NA,NA,NA,NA,NA,NA,"proposed","proposed",NA,NA,NA,"proposed",NA,NA,NA,"proposed",NA,NA,"proposed",NA
"110-43-0","0.0552199311350615","0.518097871319735","0.113729891507669","0.268494173388941","0.0833333333333333","0.151925504018886","0.15812310821301","0.0551149620968362","0.346182686423507","0.567302688347702","0.224956685869179","0.307577513089397","0.0823118625255533","0.0115186618262113","0.590743424678127","0.153752252301642","0.0238670067413106","0.0835528408978992","0.0929593335864173","0.462638559567396","0.53063073433788","0.0843081998597281","0.149900051737386","0.851879593708938","0.181637059802152","0.132957616206374","0.621164369038691","0.377998473238231"
"14371-10-9",NA,"proposed","proposed","0.157109532255101",NA,NA,"proposed",NA,NA,NA,NA,NA,NA,NA,"proposed","proposed",NA,NA,NA,NA,NA,NA,NA,"proposed",NA,NA,"proposed",NA
"87-44-5","0.0285994922884523","0.179522494833639","proposed","0.161615677414132",NA,"0.00877061615479094","0.0325660269089723",NA,"0.129695131527377",NA,"0.0133445100193329","0.065911462990369",NA,NA,"0.0344606590363285","proposed","0.00505873224659911",NA,"0.0459901976937205","0.00744894259534245","0.104408522092867","0.038877016216271","0.047338072082406","0.138375915501722","0.0515381129591904",NA,"0.0288373748853589","0.0855880862791318"
"39924-52-2",NA,"proposed","proposed","proposed",NA,NA,NA,NA,NA,NA,NA,NA,NA,NA,"proposed","proposed",NA,NA,NA,NA,"0.474641230621303",NA,NA,"proposed",NA,NA,"proposed",NA
"121-33-5",NA,"proposed","proposed","proposed",NA,NA,NA,NA,NA,NA,NA,NA,NA,NA,"proposed","proposed",NA,NA,NA,NA,"0.150591785736249",NA,NA,"proposed",NA,NA,"proposed",NA
"119-36-8","0.81988761087432","0.132430555532902","0.10662177328844","0.0952157354491883","0.0289855072463768","0.0255312045259208","0.0394352520778307","0.0893450488358876","0.0756923153965361","0.0888921004981948","0.161153048434791","0.0545410401475839","0.0180791148923772",NA,"0.0167880992780161","0.00418516953276151","0.0507572953714486","0.046005737461029","0.0285851965662413","0.0729662536479055","0.0995324827239815","0.0279058504716276","0.0382120905383109","0.04100191117691","0.0575850226544945","0.0863778602159909","0.0739906821506583","0.0827503971733777"
"106-70-7","0.084090341003696","0.224187963659849","proposed","0.779389967133927",NA,"0.0447347586949639","0.15402773967882",NA,"0.0417754698318946",NA,"0.103685542315464","0.248246923232514",NA,NA,"0.680476616045012","proposed","0.0259829494655659",NA,"0.0208092609002111","0.222899191684765",NA,"0.0563593353186855","0.0149838622152249","0.883780577746515","0.121715636217798",NA,"0.629452125954423","0.250225954348936"
"111-70-6",NA,"proposed","0.0675271230826787","0.235178716721201",NA,NA,"0.0733140175520919","0.022895478924422","0.837864423823827","0.182262562819241",NA,NA,"0.100658427685871",NA,"0.167964719627149","0.135502677623951",NA,"0.0709811943055178",NA,NA,"0.514809274147188",NA,NA,"proposed",NA,"0.0844422305252095","proposed",NA
"111-14-8","0.0355230430255451","0.0764806819868149","proposed","0.074666973540374",NA,"0.0153485782708841","0.0349055984631357",NA,"0.11518508462495",NA,"0.0444817000644431","0.104888863257802",NA,NA,"0.024879886148819","proposed","0.00766671242525538",NA,"0.0561656774769633","0.0204845921371916","0.12676733872395","0.0244394787258771","0.047338072082406","0.150058030160957","0.0515381129591904",NA,"0.0322300072248129","0.0855880862791318"
"2548-87-0","0.0384064884531319","proposed","proposed","0.212828101325546",NA,NA,NA,NA,NA,NA,NA,NA,NA,NA,"proposed","proposed","0.0322005512153559",NA,"0.0433727215327421",NA,NA,"0.0682282397525446",NA,"proposed",NA,NA,"0.109110821014729",NA
"123-92-2","0.51303232163215","0.448085386333665","0.0675271230826787","0.525264822758496",NA,"0.111304535715148","0.229570865586455","0.0262437817832126","0.176063565208094","0.361823809636117","0.1568226897733","0.421270881762609","0.0163503352235954","0.062133662737144","0.462066225939912","0.102553880357394","0.0285167330818759","0.0710652953917794","0.108507915727575","0.472562216375973","0.161335154022961","0.0849816235965358","0.0149838622152249","0.886617288791992","0.106937019936792","0.0863778602159909","0.67915046931383","0.490269129700133"
"111-68-2",NA,"proposed","proposed","proposed",NA,NA,NA,NA,"0.529315066441032",NA,NA,NA,NA,NA,"proposed","proposed",NA,NA,NA,NA,NA,NA,NA,"proposed",NA,NA,"proposed",NA
"629-33-4",NA,"proposed","proposed","proposed",NA,NA,NA,NA,NA,NA,NA,NA,NA,NA,NA,"proposed",NA,NA,NA,NA,"0.666849287529192",NA,NA,"proposed",NA,NA,"proposed",NA
"105-66-8",NA,"proposed","proposed","proposed",NA,NA,NA,NA,NA,NA,NA,NA,NA,NA,NA,"proposed",NA,NA,NA,NA,NA,NA,NA,"proposed",NA,NA,"proposed",NA
"108-64-5",NA,"proposed","proposed","proposed",NA,NA,NA,NA,NA,NA,NA,NA,NA,NA,NA,"proposed",NA,NA,NA,NA,"0.170222726956359",NA,NA,"proposed",NA,NA,"proposed",NA
"110-93-0","0.0615886409912407","0.327397322221493","proposed","0.235671473625771",NA,"0.148279130191085","0.187688841318478",NA,"0.0371394157782363",NA,"0.119845772072826","0.198753132959111",NA,NA,"0.183631301315956","proposed","0.00679701313038825",NA,"0.0158165452220395","0.716535627263117",NA,"0.0495734933855388","0.0299677244304499","0.911202117852796","0.124229672189564",NA,"0.706864980492872","0.265588233006788"
"111-65-9",NA,"proposed","proposed","0.0823321497679135",NA,NA,NA,NA,NA,NA,NA,NA,NA,NA,NA,"proposed",NA,NA,NA,NA,"0.112496328670414",NA,NA,"proposed",NA,NA,"proposed",NA
"106-28-5",NA,"proposed","proposed","0.122960746589669",NA,NA,NA,NA,NA,NA,NA,NA,NA,NA,NA,"proposed",NA,NA,NA,NA,"0.081810615707423",NA,NA,"proposed",NA,NA,"proposed",NA
"3391-86-4","0.0480795669802309","0.579605336916403","0.0995136550692107","0.300676072772922","0.0615942028985507","0.088805209185565","0.10277525013714","0.0176383926282914","0.671905965763201","0.130417366041958","0.402300304708938","0.198765019919113","0.0923616259611277",NA,"0.298481415273496","0.123646269474248","0.0420780859002548","0.046005737461029","0.0540862223475662","0.405252167921841","0.234858987729126","0.060305047596059","0.16898762272091","0.749181442073273","0.113140115518029","0.095108366674051","0.637134237235516","0.203072921921124"
"140-11-4",NA,"proposed","proposed",NA,NA,NA,NA,NA,"0.0391660937303188",NA,NA,NA,NA,NA,NA,"proposed",NA,NA,NA,NA,NA,NA,NA,"proposed",NA,NA,"proposed",NA
"104-50-7","0.0928618042634933","0.125588986650029","proposed","0.0769916813523312",NA,"0.0263118484643728","0.0445531669835664",NA,"0.229608777294611",NA,"0.0675737730163322","0.128625991571094",NA,NA,"0.0899307785140035","proposed","0.00880640915346818",NA,"0.0158165452220395","0.0727089741122772",NA,"0.0495734933855388","0.0199784829536333","0.64954976115025","0.116740557612818",NA,"0.351416630064348","0.163892698285075"
"21188-58-9",NA,"proposed","proposed","0.341917016265613",NA,NA,NA,NA,NA,NA,NA,NA,NA,NA,NA,"proposed",NA,NA,NA,NA,"0.0843915650670132",NA,NA,NA,NA,NA,"proposed",NA
"99-87-6","0.0275424180238394","0.176609041660326","proposed","0.0232120058405267",NA,"0.00657796211609321","0.0234646076855557",NA,"0.105384822855251",NA,"0.0521271481353609","0.0474122919499191",NA,NA,"0.0639321331809852","proposed","0.0156584252217073",NA,"0.0133255493124183","0.0148978851906848",NA,"0.038877016216271","0.0399569659072665","0.0688170955363463","0.0486755304611078",NA,"0.0203557940367239","0.0679519160914525"
"111-13-7",NA,"0.642267455124856","proposed",NA,NA,NA,NA,NA,"0.429781441061788",NA,NA,NA,NA,NA,NA,"proposed",NA,NA,NA,NA,"0.34278872698809",NA,NA,NA,NA,NA,"proposed",NA
"124-13-0",NA,"proposed","proposed","0.0639478105322885",NA,NA,NA,NA,"0.499903666805407",NA,NA,NA,NA,NA,NA,"proposed",NA,NA,NA,NA,"0.0845034054170265",NA,NA,NA,NA,NA,"proposed",NA
"13019-20-0",NA,"proposed","proposed",NA,NA,NA,NA,NA,NA,NA,NA,NA,NA,NA,NA,NA,NA,NA,NA,NA,NA,NA,NA,NA,NA,NA,"proposed",NA
"3681-71-8",NA,"proposed","proposed",NA,NA,NA,NA,NA,NA,NA,NA,NA,NA,NA,NA,NA,NA,NA,NA,NA,"0.365633222286848",NA,NA,NA,NA,NA,"proposed",NA
"127-91-3","0.0256264615139868","0.236385411741654","proposed","0.0118407150105829",NA,"0.0109632701934887","0.0349055984631357",NA,"0.0753565530082371",NA,"0.13138147839508","0.0690983195099657",NA,NA,"0.0147661650080143",NA,"0.0133717480616111",NA,"0.00753327626905438","0.00744894259534245",NA,"0.0362304473917501","0.0543833613782551","0.138375915501722","0.0395511266956621",NA,"0.0305336910550859","0.0543325192283225"
"122-03-2","0.113874913831103","proposed","proposed","0.0637783938392438",NA,NA,NA,NA,NA,NA,NA,NA,NA,NA,NA,NA,"0.0322005512153559",NA,"0.0491338717370453",NA,"0.070616086310827","0.0682282397525446",NA,NA,NA,NA,"0.109110821014729",NA
"80-56-8","0.0310048731747261","0.179522494833639","proposed","0.0599343346758863",NA,"0.0131559242321864","0.0234646076855557",NA,"0.194538708894664","0.0738142581027185","0.115896338344379","0.0532434730887039",NA,NA,"0.0947544749620165",NA,"0.0199336318203057",NA,"0.0162787051870216","0.0316580060302053",NA,"0.05300706099952","0.0399569659072665","0.191529082490657","0.0850685801149021",NA,"0.483606420183587","0.0714971673653869"
"2785-89-9","0.040204320819123","0.0973390498014004","proposed","0.0109462240550412",NA,"0","0.0257033797466702",NA,"0.0579936373254359",NA,"0.0675737730163322","0.0503305697426835",NA,NA,"0.0188116534643362",NA,"0.00994675569028052",NA,"0.0308378969032105","0.0260712990836985",NA,"0.0702105065669103","0.0316325980099194","0.157754575839987","0.0751894231880804",NA,"0.0373189557339938","0.123606991943924"
"2497-18-9","0.030272929460713","0.227226773066968","proposed","0.460981713409887",NA,"0.0285045025030706","0.086308381645322",NA,"0.81625004214552",NA,"0.0311371900451101","0.0627331098920053",NA,NA,"0.247045633384203",NA,"0.0256470640863857",NA,"0.110805695282194","0.175509493866998","0.260070132907939","0.041351264681447","0.0436933312556045","0.187843168965455","0.067600742766162",NA,"0.427407229092311","0.177053061278056"
"1733-25-1",NA,"proposed","proposed",NA,NA,NA,NA,NA,NA,NA,NA,NA,NA,NA,NA,NA,NA,NA,NA,NA,"0.119397774431284",NA,NA,NA,NA,NA,"proposed",NA
"7785-70-8",NA,"proposed",NA,"0.0786161403139464",NA,NA,NA,NA,NA,NA,NA,NA,NA,NA,NA,NA,NA,NA,NA,NA,"0.0595346921613317",NA,NA,NA,NA,NA,"proposed",NA
"5989-27-5","0.0309471772047518","proposed",NA,"0.0674683655172377",NA,NA,NA,NA,NA,NA,NA,NA,NA,NA,NA,NA,"0.0322005512153559",NA,"0.0491338717370453",NA,"0.0898099673320084","0.0682282397525446",NA,NA,NA,NA,"0.109110821014729",NA
"123-96-6",NA,"proposed",NA,NA,NA,NA,NA,NA,NA,NA,NA,NA,NA,NA,NA,NA,NA,NA,NA,NA,NA,NA,NA,NA,NA,NA,"proposed",NA
"111-87-5","0.0231452791246775","0.419439959740245",NA,"0.0680028844636734",NA,"0.0219265403869773","0.0302531403829572",NA,"0.794626980201662",NA,"0.0452537889752436","0.132095025874406",NA,NA,"0.0404998594136602",NA,"0.00592768717716531",NA,"0.00301331050762177","0.122544773103864",NA,"0.0428667489766588","0.0577971747124996","0.22045662483347","0.0650211432488299",NA,"0.104998408106672","0.143902278939502"
"589-98-0","0.0424308059245141","proposed","0.127946127946128","0.342626206136878",NA,NA,"0.192616286288145","0.0347318549341616","0.632984493765486","0.159052836785347",NA,NA,"0.0434437211069522","0.0154447867885495","0.495556256033789","0.113635044547167","0.0322005512153559","0.131690387640947","0.0491338717370453","0.45768553522297","0.190091954901551","0.0682282397525446",NA,"0.750021060348341",NA,"0.142084443712418","0.622540091468396",NA
"5989-54-8",NA,"proposed",NA,NA,NA,NA,NA,NA,NA,NA,NA,NA,NA,NA,NA,NA,NA,NA,NA,NA,NA,NA,NA,NA,NA,NA,"proposed",NA
"13466-78-9","0.0256264615139868","0.495705304601998",NA,"0.0132676262236485",NA,"0.00877061615479094","0.0257033797466702",NA,"0.0556773113011668",NA,"0.127585203176473","0.0627331098920053",NA,NA,"0.0344606590363285",NA,"0.00592768717716531",NA,"0.00753327626905438","0.0223468277860273",NA,"0.0428667489766588","0.0708517578077018","0.0645349469635154","0.0486755304611078",NA,"0.0237484263761779","0.07856058863361"
"138-86-3","0.0299501775972299","0.40056960731425",NA,"0.0562520088078215",NA,"0.0109632701934887","0.0349055984631357",NA,"0.291851314554928",NA,"0.0625707269754221","0.0595626936977261",NA,NA,"0.126011326979466",NA,"0.0179478339259973",NA,"0.00602662101524353","0.0223468277860273",NA,"0.0428667489766588","0.0543833613782551","0.187843168965455","0.0395511266956621",NA,"0.124199827999478","0.0855880862791318"
"104-46-1",NA,"proposed",NA,"0.0731685991344049",NA,NA,NA,NA,NA,NA,NA,NA,NA,NA,NA,NA,NA,NA,NA,NA,NA,NA,NA,NA,NA,NA,"proposed",NA
"106-73-0",NA,"proposed",NA,NA,NA,NA,NA,NA,NA,NA,NA,NA,NA,NA,NA,NA,NA,NA,NA,NA,NA,NA,NA,NA,NA,NA,"proposed",NA
"586-62-9","0.0280219629819885","0.270457250082981",NA,"0.0246268035857561",NA,"0.0131559242321864","0.0147301606901214",NA,"0.0954811089558555",NA,"0.0625707269754221","0.0787157668154794",NA,NA,"0.0435107965772957",NA,"0.0145147480372694",NA,"0.0459901976937205","0.0972385591682407",NA,"0.0482261128189717","0.0316325980099194","0.146182497363573","0.0515381129591904",NA,"0.287411897088328","0.0714971673653869"
"142-92-7","0.0113857117979434","0.26733124944434",NA,"0.311013347875156",NA,"0.0241191944256751","0.110385002020078",NA,"0.75427620262096",NA,"0.0772014689592313","0.0916945969231785",NA,NA,"0.647727868957595",NA,"0.00880640915346818",NA,"0.115861872072941","0.137122953877647","0.0998810458328676","0.0309670822393371","0.026637977271511","0.138375915501722","0.0426988915581288",NA,"0.277811187141926","0.222090687204318"
"124-07-2","0.0355230430255451","0.0602575070199146",NA,"0.00954638892965916",NA,"0.0241191944256751","0.0234646076855557",NA,"0.0556773113011668",NA,"0.0675737730163322","0.0722942589554324",NA,NA,"0.0344606590363285",NA,"0.0133717480616111",NA,"0.028325309617746","0.00186223564883561","0.148512040451353","0.0309670822393371","0.0332974715893888","0.262157924923365","0.0570725686700176",NA,"0.0271410587156319","0.0679519160914525"
"123-66-0","0.0123365530399268","0.242525119266845",NA,"0.848680623619117",NA,"0.0644822492251485","0.086308381645322",NA,"0.0243010891658477",NA,"0.115896338344379","0.116411640237204",NA,NA,"0.472889339989885",NA,"0.00994675569028052",NA,"0.00150665525381088","0.598785817704667",NA,"0.0244394787258771","0.00499462073840831","0.331318992824607","0.0650211432488299",NA,"0.204205744219503","0.143902278939502"
"2244-16-8",NA,"proposed",NA,"0.0806181851786845",NA,NA,NA,NA,NA,NA,NA,NA,NA,NA,NA,NA,NA,NA,NA,NA,"0.1811344621166",NA,NA,NA,NA,NA,NA,NA
"149-57-5","0.051135085051643","0.0695278927152857",NA,"0.0246268035857561",NA,"0.0153485782708841","0.0349055984631357",NA,"0.0464103325805068",NA,"0.0133445100193329","0.194817170552416",NA,NA,"0.108637129848175",NA,"0.0110877573973447",NA,"0.0689694934889186","0.0111734138930136",NA,"0.038877016216271","0.0399569659072665","0.363113768459841","0.0801548183596756",NA,"0.0424079042431748","0.0890884327508065"
"109-21-7","0","proposed",NA,"0.341665895861091",NA,NA,NA,NA,NA,NA,NA,NA,NA,NA,NA,NA,NA,NA,NA,NA,NA,NA,NA,NA,NA,NA,NA,NA
"141-06-0",NA,"proposed",NA,NA,NA,NA,NA,NA,NA,NA,NA,NA,NA,NA,NA,NA,NA,NA,NA,NA,NA,NA,NA,NA,NA,NA,NA,NA
"111-84-2",NA,"proposed",NA,"0.0823321497679135",NA,NA,NA,NA,NA,NA,NA,NA,NA,NA,NA,NA,NA,NA,NA,NA,"0.109306740550337",NA,NA,NA,NA,NA,NA,NA
"7787-20-4",NA,"proposed","0","0.0445014135528434",NA,NA,"0.0175896098963237","0.0227195049184635","0.0415540016774389","0.0765438184183787",NA,NA,"0","0","0.00787137096422857","0.0355134013864206",NA,"0.0676035777428659",NA,NA,"0.0927242831440944",NA,NA,NA,NA,"0.0108765822295615",NA,NA
"123-35-3","0.0270630958217597","0.179522494833639",NA,"0.0246268035857561",NA,"0.0109632701934887","0.0325660269089723",NA,"0.0649420406121024",NA,"0.0675737730163322","0.0627331098920053",NA,NA,"0.0188116534643362",NA,"0.00880640915346818",NA,"0.00602662101524353","0.104997030680442",NA,"0.0442022042213155","0.0543833613782551","0.0857254067684988","0.0426988915581288",NA,"0.092197461511469","0.0714971673653869"
"103-45-7","0.0256264615139868","0.139492249755036",NA,"0.0740248908158663",NA,"0.0109632701934887","0.0547252514892605",NA,"0.035678147596768",NA,"0.0422576150612209","0.0474122919499191",NA,NA,"0.121773593861454",NA,"0.020240020222469",NA,"0.102708536825996","0.622624657007765",NA,"0.0296571368130475","0.0283028508509805","0.114497715308615","0.0570725686700176",NA,"0.104998408106672","0.137171338431655"
"124-19-6","0.0384064884531319","proposed",NA,"0.0809264561688682",NA,NA,NA,NA,"0.123953836352327",NA,NA,NA,NA,NA,NA,NA,"0.0322005512153559",NA,"0.0314351741414884",NA,"0.137817029062106","0.0682282397525446",NA,NA,NA,NA,"0.109110821014729",NA
"104-61-0",NA,"proposed",NA,NA,NA,NA,NA,NA,NA,NA,NA,NA,NA,NA,NA,NA,NA,NA,NA,NA,NA,NA,NA,NA,NA,NA,NA,NA
"821-55-6",NA,"proposed",NA,"0.139938745469518",NA,NA,NA,NA,"0.50143351374696",NA,NA,NA,NA,NA,NA,NA,NA,NA,NA,NA,"0.180485430687391",NA,NA,NA,NA,NA,NA,NA
"10482-56-1","0.0265839959516248","0.378394115402763",NA,"0.0657475854262424",NA,"0.0109632701934887","0.0325660269089723",NA,"0.148695074739517",NA,"0.0951996427576","0.0595626936977261",NA,NA,"0.0639321331809852",NA,"0.00880640915346818",NA,"0.00150665525381088","0.0547915211687717","0.0720368383987171","0.0522778080264539","0.0216433565331027","0.202491474545748","0.0291516279276187",NA,"0.0633953316722598","0.0995361922531245"
"123-25-1","0.0251480261015272","0.188312290030456",NA,"0.707376481344779",NA,"0.138782590281965","0.0683308145738209",NA,"0.0256858664049369",NA,"0.0521271481353609","0.0532434730887039",NA,NA,"0.16914382576816",NA,"0.00880640915346818",NA,"0","0.60345915287402",NA,"0.037552445551505","0.0216433565331027","0.142288525513636","0.0701529650442093",NA,"0.0424079042431748","0.147255033507146"
"143-08-8",NA,"proposed","0.021324354657688",NA,NA,NA,"0.0261463440116285","0.0415457766557152","0.417776962747142","0.0423965904329694",NA,NA,"0.0264805087866698",NA,"0.00242394507026745","0.0148687956868323",NA,"0.0265212221688921",NA,NA,"0.120281381956736",NA,NA,NA,NA,"0",NA,NA
"111-11-5","0.0251480261015272","0.120515014039829",NA,"0.849305432955522",NA,"0.0131559242321864","0.0302531403829572",NA,"0.110297780844253",NA,"0.0400335300579987","0.0532434730887039",NA,NA,"0.243879199105276",NA,"0.0168027852765763",NA,"0.00150665525381088","0.00558670694650682",NA,"0.0309670822393371","0.0216433565331027","0.241542856630726","0.0395511266956621",NA,"0.101798171457872","0.0890884327508065"
"106-25-2","0.0256264615139868","0.182444210095685",NA,"0.0650816854914953",NA,"0.0131559242321864","0.0470435342845648",NA,"0.110297780844253",NA,"0.0574262897471307","0.0690983195099657",NA,NA,"0.0228571419206581",NA,"0.020240020222469",NA,"0.00150665525381088","0.0446936555720545",NA,"0.0455405383063819","0.0382920923277971","0.169166089871744","0.0515381129591904",NA,"0.236208110707513","0.0820788140895058"
"119-61-9",NA,"proposed",NA,NA,NA,NA,NA,NA,NA,NA,NA,NA,NA,NA,NA,NA,NA,NA,NA,NA,NA,NA,NA,NA,NA,NA,NA,NA
"103-36-6","0.0280219629819885","0.0718454891391288",NA,"0.0146928902580722",NA,"0.0175412323095819","0.0190548745076888",NA,"0.0417754698318946",NA,"0.0266890200386658","0.0474122919499191",NA,NA,"0.0208343976924971",NA,"0.0156584252217073",NA,"0.0108381133660704","0.195442985499181",NA,"0.0270439756802659","0.0299677244304499","0.142288525513636","0.0118886124097053",NA,"0.050594385077056","0.0679519160914525"
"106-30-9",NA,"proposed",NA,NA,NA,NA,NA,NA,NA,NA,NA,NA,NA,NA,NA,NA,NA,NA,NA,NA,NA,NA,NA,NA,NA,NA,NA,NA
"626-77-7",NA,"proposed",NA,NA,NA,NA,NA,NA,NA,NA,NA,NA,NA,NA,NA,NA,NA,NA,NA,NA,NA,NA,NA,NA,NA,NA,NA,NA
"112-06-1",NA,"proposed",NA,NA,NA,NA,NA,NA,NA,NA,NA,NA,NA,NA,NA,NA,NA,NA,NA,NA,"0.18441861613516",NA,NA,NA,NA,NA,NA,NA
"112-05-0","0.040204320819123","0.0764806819868149",NA,"0.0752184004676318",NA,"0.0109632701934887","0.0234646076855557",NA,"0.0464103325805068",NA,"0.0355853600515544","0.0595626936977261",NA,NA,"0.0147661650080143",NA,"0.0122294196947101",NA,"0.0333541215890619","0.0111734138930136","0.121526285726785","0.0349109656793716","0.047338072082406","0.172935180666596","0.0515381129591904",NA,"0.0220521102064509","0.0543325192283225"
"143-28-2",NA,"proposed",NA,NA,NA,NA,NA,NA,NA,NA,NA,NA,NA,NA,NA,NA,NA,NA,NA,NA,NA,NA,NA,NA,NA,NA,NA,NA
"106-24-1","0.0285994922884523","0.125588986650029",NA,"0.0873603287747418",NA,"0.00657796211609321","0.0257033797466702",NA,"0.105384822855251",NA,"0.0333612750483323","0.0595626936977261",NA,NA,"0.024879886148819",NA,"0.00994675569028052",NA,"0.0183111120808492","0.134716990663954","0.0765703450248206","0.059098027885454","0.0349623451688582","0.165379759115333","0.0395511266956621",NA,"0.313013790278737","0.0714971673653869"
"60-33-3","0.0475022778408201","0.0509871213245431",NA,"0.0101479286006242",NA,"0.0306971565417682","0.0131444518153182",NA,"0.238165313593411",NA,"0.0378094450547766","0.153382217219103",NA,NA,"0.113091271394281",NA,"0.0110877573973447",NA,"0.0383975278469517","0.0167601208395205",NA,"0.0231403682098719","0.0508990787650128","0.227540604399948","0.0570725686700176",NA,"0.0271410587156319","0.0855880862791318"
"60047-17-8","0.0386748539607817","0.397411586082915",NA,"0.0330887834878634",NA,"0.0403971744842739","0.114176621658049",NA,"0.0533608444144413",NA,"0.160320368460383","0.0851808634490707",NA,NA,"0.126011326979466",NA,"0.000719443083508192",NA,"0.0612758731297281","0.0998434342177492",NA,"0.0577268559917413","0.073987009915359","0.134444468340121","0.151326277877589",NA,"0.143401247892285","0.328091826404744"
"506-17-2",NA,"proposed",NA,NA,NA,NA,NA,NA,NA,NA,NA,NA,NA,NA,NA,NA,NA,NA,NA,NA,NA,NA,NA,NA,NA,NA,NA,NA
"106-22-9","0.0257856403166351","0.170807028622631",NA,"0.10288733927864",NA,"0.00657796211609321","0.0349055984631357",NA,"0.11518508462495",NA,"0.0400335300579987","0.0627331098920053",NA,NA,"0.0208343976924971",NA,"0.0194987821728721",NA,"0.0159463726435527","0.0297957703813697","0.147857362332346","0.0579330856396804","0.0708517578077018","0.165379759115333","0.0233972894216476",NA,"0.131161585269464","0.0960624583706422"
"34010-21-4",NA,NA,NA,"0.0914419847577474",NA,NA,NA,NA,NA,NA,NA,NA,NA,NA,NA,NA,NA,NA,NA,NA,NA,NA,NA,NA,NA,NA,NA,NA
"112-31-2",NA,NA,NA,"0.0651036539620882",NA,NA,NA,NA,"0.253011964511903",NA,NA,NA,NA,NA,NA,NA,NA,NA,NA,NA,"0.157715113308871",NA,NA,NA,NA,NA,NA,NA
"706-14-9","0.0338946350889847","0.0695278927152857",NA,"0.0203782311437821",NA,"0.0131559242321864","0.0257033797466702",NA,"0.0579936373254359",NA,"0.028913105041888","0.0474122919499191",NA,NA,"0.0167889092361752",NA,"0.0122294196947101",NA,"0.00753327626905438","0.0316580060302053",NA,"0.0296571368130475","0.0233082301125722","0.0515531074055165","0.0233972894216476",NA,"0.0569948583746579","0.0714971673653869"
"41519-18-0",NA,NA,NA,NA,NA,NA,NA,NA,NA,NA,NA,NA,NA,NA,NA,NA,NA,NA,NA,NA,"0.156527615308084",NA,NA,NA,NA,NA,NA,NA
"106-32-1","0.024669811331099","0.101974242649086",NA,"0.251016211563405",NA,"0.0109632701934887","0.0302531403829572",NA,"0.0371394157782363",NA,"0.0422576150612209","0.0503305697426835",NA,NA,"0.0947544749620165",NA,"0.00592768717716531",NA,"0.0108381133660704","0",NA,"0.0296571368130475","0.0283028508509805","0.157754575839987","0.0395511266956621",NA,"0.098597934809071","0.0820788140895058"
"112-30-1",NA,NA,NA,"0.0691417462654018",NA,NA,NA,NA,"0.301580326285607",NA,NA,NA,NA,NA,NA,NA,NA,NA,NA,NA,"0.153676871114155",NA,NA,NA,NA,NA,NA,NA
"626-82-4",NA,NA,NA,NA,NA,NA,NA,NA,NA,NA,NA,NA,NA,NA,NA,NA,NA,NA,NA,NA,NA,NA,NA,NA,NA,NA,NA,NA
"112-14-1",NA,NA,"0.0142162364384586","0.120725737182809",NA,NA,"0.0261463440116285","0.0210453534890682","0.329334640874453","0.0271567522284289",NA,NA,"0.028208762906075",NA,"0.0890957427489247","0.00418516953276151",NA,"0.0282707107014039",NA,NA,"0.113941430083826",NA,NA,NA,NA,"0.00912284787727466",NA,NA
"143-13-5",NA,NA,NA,NA,NA,NA,NA,NA,NA,NA,NA,NA,NA,NA,NA,NA,NA,NA,NA,NA,NA,NA,NA,NA,NA,NA,NA,NA
"127-41-3",NA,NA,NA,NA,NA,NA,NA,NA,NA,NA,NA,NA,NA,NA,NA,NA,NA,NA,NA,NA,"0.0795100180502606",NA,NA,NA,NA,NA,NA,NA
"105-87-3","0.0632186417752346","0.139058532394048","0.010662177328844","0.104861543301642","0","0.0326181756152832","0.0242095339749227","0.00741751004596097","0.065170043072823","0.126964158522681","0.059486367791253","0.0849583801819753","0.0298572885227421",NA,"0.0390866676701016","0.0297038628152294","0.0295036040282605","0.00684353331483323","0.110390981174243","0.0473285488527685","0.131254277484979","0.0206660578483327","0.0407340185396348","0.066959314422752","0.0192085441169217","0.0143837754565503","0.258885355155728","0.0647002279861065"
"110-38-3","0.158093297123386","0.0811158748345003",NA,"0.0107470374469797",NA,"0.0175412323095819","0.0396691631831973",NA,"0.0417754698318946",NA,"0.0521271481353609","0.0627331098920053",NA,NA,"0.0167889092361752",NA,"0.00994675569028052",NA,"0.0233110027169742","0.00558670694650682",NA,"0.0244394787258771","0.00832436789734721","0.114497715308615","0.0291516279276187",NA,"0.0665955683210608","0.0820788140895058"
"112-17-4",NA,NA,NA,"0.107829086997193",NA,NA,NA,NA,NA,NA,NA,NA,NA,NA,NA,NA,NA,NA,NA,NA,NA,NA,NA,NA,NA,NA,NA,NA
"6753-98-6","0.0270630958217597","0.104291839072929",NA,"0.0113438536425688",NA,"0.0131559242321864","0.0257033797466702",NA,"0.0753565530082371",NA,"0.0444817000644431","0.0563996612555364",NA,NA,"0.0374831508049489",NA,"0.0190935769574155",NA,"0.0133255493124183","0.0204845921371916",NA,"0.0415341076163773","0.0349623451688582","0.0773149058075257","0.0253154022569713",NA,"0.0322300072248129","0.0679519160914525"
"23089-26-1",NA,NA,NA,"0.110920506520488",NA,NA,NA,NA,NA,NA,NA,NA,NA,NA,NA,NA,NA,NA,NA,NA,"0.11883276672135",NA,NA,NA,NA,NA,NA,NA
